﻿<Dictionary>
  <Words>
    <Unrecognized>
      <Word></Word>
    </Unrecognized>
    <Recognized>
      <Word>git</Word>
      <Word>sha</Word>
      <Word>unstage</Word>
      <Word>unstaged</Word>
      <Word>compat</Word>
      <Word>oid</Word>
    </Recognized>
    <Deprecated>
      <Term PreferredAlternate=""></Term>
    </Deprecated>
    <Compound>
      <Term CompoundAlternate=""></Term>
    </Compound>
    <DiscreteExceptions>
      <Term></Term>
    </DiscreteExceptions>
  </Words>
  <Acronyms>
    <CasingExceptions>
      <Acronym></Acronym>
    </CasingExceptions>
  </Acronyms>
</Dictionary>